Nunukan;Krayan;Pa' mulak;Aman;
Nunukan;Krayan;Pa' padi;Aman;
Nunukan;Krayan;Pa' inan;Aman;
Nunukan;Krayan;Pa' butal;Aman;
Nunukan;Krayan;Pa' delung;Aman;
Nunukan;Krayan;Pa' urud;Aman;
Nunukan;Krayan;Pa' kemut;Aman;
Nunukan;Krayan;Pa' kidang;Aman;
Nunukan;Krayan;Pa' payak;Aman;
Nunukan;Krayan;Pa' pirit;Aman;
Nunukan;Krayan;Pa' mering;Aman;
Nunukan;Krayan;Pa' pani;Aman;
Nunukan;Krayan;Pa' lutut;Aman;
Nunukan;Krayan;Ma' libu;Aman;
Nunukan;Krayan;Pa' rupai;Aman;
Nunukan;Krayan;Pa' nado;Aman;
Nunukan;Krayan;Pa' api;Aman;
Nunukan;Krayan;Pa' sire;Aman;
Nunukan;Krayan;Wa' yanud;Aman;
Nunukan;Krayan;Pa' betung;Aman;
Nunukan;Krayan;Wa' laya;Aman;
Nunukan;Krayan;Pa' matung;Aman;
Nunukan;Krayan;Pa' terutun;Aman;
Nunukan;Krayan;Pa' rangeb;Aman;
Nunukan;Krayan;Pa' kebuan;Aman;
Nunukan;Krayan;Pa' pawan;Aman;
Nunukan;Krayan;Pa' umung;Aman;
Nunukan;Krayan;Pa' raye;Aman;
Nunukan;Krayan;Pa' melade;Aman;
Nunukan;Krayan;Pa' lidung;Aman;
Nunukan;Krayan;Wa' yagung;Aman;
Nunukan;Krayan;Pa' pala;Aman;
Nunukan;Krayan;Pa' putuk;Aman;
Nunukan;Krayan Selatan;Pa' ibang;Aman;
Nunukan;Krayan Selatan;Pa' amai;Aman;
Nunukan;Krayan Selatan;Pa' kaber;Aman;
Nunukan;Krayan Selatan;Pa' tera;Aman;
Nunukan;Krayan Selatan;Pa' sing;Aman;
Nunukan;Krayan Selatan;Pa' dalam;Aman;
Nunukan;Krayan Selatan;Pa' upan;Aman;
Nunukan;Krayan Tengah;Pa' urang;Aman;
